{
	"folders": {},
	"connections": {
		"microsoft-1727195c794-4562cf90d02c72f5": {
			"provider": "sqlserver",
			"driver": "microsoft",
			"name": "SQL Server - Binary-Beasts",
			"save-password": true,
			"show-system-objects": true,
			"read-only": false,
			"configuration": {
				"host": "DESKTOP-92S6K6R",
				"port": "1433",
				"database": "Binary-Beasts",
				"url": "jdbc:sqlserver://;serverName=DESKTOP-92S6K6R;databaseName=Binary-Beasts",
				"type": "dev",
				"properties": {
					"trustServerCertificate": "true"
				},
				"provider-properties": {
					"@dbeaver-authentication@": "SQL_SERVER_PASSWORD",
					"@dbeaver-show-all-schemas@": "false"
				},
				"handlers": {}
			}
		}
	},
	"connection-types": {
		"dev": {
			"name": "Development",
			"color": "255,255,255",
			"description": "Regular development database",
			"auto-commit": true,
			"confirm-execute": false,
			"confirm-data-change": false
		}
	}
}